"","x"
"1","D6VTK4"
"2","O13539"
"3","O13563"
"4","O13585"
"5","O14467"
"6","P00330"
"7","P00431"
"8","P00546"
"9","P00958"
"10","P01120"
"11","P02294"
"12","P02309"
"13","P02381"
"14","P02406"
"15","P02407"
"16","P02992"
"17","P02994"
"18","P03871"
"19","P03872"
"20","P04050"
"21","P04051"
"22","P04147"
"23","P04161"
"24","P04710"
"25","P04786"
"26","P04801"
"27","P04819"
"28","P04821"
"29","P04911"
"30","P05030"
"31","P05317"
"32","P05374"
"33","P05375"
"34","P05453"
"35","P05740"
"36","P05743"
"37","P05749"
"38","P05986"
"39","P06100"
"40","P06101"
"41","P06102"
"42","P06103"
"43","P06105"
"44","P06115"
"45","P06174"
"46","P06182"
"47","P06634"
"48","P06700"
"49","P06701"
"50","P06704"
"51","P06738"
"52","P06775"
"53","P06778"
"54","P06780"
"55","P06782"
"56","P06785"
"57","P06786"
"58","P06787"
"59","P06839"
"60","P07170"
"61","P07172"
"62","P07213"
"63","P07248"
"64","P07253"
"65","P07257"
"66","P07258"
"67","P07260"
"68","P07264"
"69","P07267"
"70","P07273"
"71","P07278"
"72","P07283"
"73","P07560"
"74","P07834"
"75","P08004"
"76","P08018"
"77","P08432"
"78","P08456"
"79","P08466"
"80","P08524"
"81","P08539"
"82","P08566"
"83","P08679"
"84","P08964"
"85","P09032"
"86","P09064"
"87","P09547"
"88","P09734"
"89","P09880"
"90","P09950"
"91","P09959"
"92","P0C0T4"
"93","P0C2H8"
"94","P0C2H9"
"95","P0C2I6"
"96","P0CE41"
"97","P0CH08"
"98","P0CS90"
"99","P0CT04"
"100","P0CX15"
"101","P0CX25"
"102","P0CX27"
"103","P0CX34"
"104","P10080"
"105","P10363"
"106","P10507"
"107","P10591"
"108","P10592"
"109","P10614"
"110","P10662"
"111","P10823"
"112","P10834"
"113","P10849"
"114","P10962"
"115","P11075"
"116","P11076"
"117","P11353"
"118","P11433"
"119","P11484"
"120","P11491"
"121","P11709"
"122","P11745"
"123","P11792"
"124","P11914"
"125","P11938"
"126","P11972"
"127","P11978"
"128","P12383"
"129","P12385"
"130","P12611"
"131","P12686"
"132","P12687"
"133","P12688"
"134","P12753"
"135","P12754"
"136","P12866"
"137","P12868"
"138","P12887"
"139","P12904"
"140","P12954"
"141","P12962"
"142","P13185"
"143","P13186"
"144","P13188"
"145","P13259"
"146","P13298"
"147","P13382"
"148","P13393"
"149","P13433"
"150","P13574"
"151","P13586"
"152","P13712"
"153","P13856"
"154","P14020"
"155","P14164"
"156","P14306"
"157","P14680"
"158","P14681"
"159","P14682"
"160","P14693"
"161","P14741"
"162","P14742"
"163","P14743"
"164","P14772"
"165","P14832"
"166","P14922"
"167","P15179"
"168","P15303"
"169","P15367"
"170","P15424"
"171","P15436"
"172","P15442"
"173","P15454"
"174","P15624"
"175","P15625"
"176","P15646"
"177","P15700"
"178","P15703"
"179","P15705"
"180","P15731"
"181","P15790"
"182","P15891"
"183","P15992"
"184","P16120"
"185","P16451"
"186","P16474"
"187","P16521"
"188","P16550"
"189","P16603"
"190","P16664"
"191","P16892"
"192","P17065"
"193","P17076"
"194","P17106"
"195","P17121"
"196","P17157"
"197","P17442"
"198","P17555"
"199","P17558"
"200","P17629"
"201","P17695"
"202","P17890"
"203","P17891"
"204","P18239"
"205","P18480"
"206","P18562"
"207","P18759"
"208","P18851"
"209","P18852"
"210","P18900"
"211","P18961"
"212","P18962"
"213","P18963"
"214","P19073"
"215","P19146"
"216","P19158"
"217","P19263"
"218","P19454"
"219","P19524"
"220","P19658"
"221","P19659"
"222","P19735"
"223","P19812"
"224","P19880"
"225","P20053"
"226","P20081"
"227","P20084"
"228","P20107"
"229","P20424"
"230","P20434"
"231","P20447"
"232","P20448"
"233","P20449"
"234","P20457"
"235","P20459"
"236","P20485"
"237","P20486"
"238","P20604"
"239","P20606"
"240","P20795"
"241","P21268"
"242","P21269"
"243","P21304"
"244","P21339"
"245","P21375"
"246","P21538"
"247","P21560"
"248","P21672"
"249","P21771"
"250","P21801"
"251","P21825"
"252","P21951"
"253","P21965"
"254","P22082"
"255","P22135"
"256","P22136"
"257","P22137"
"258","P22146"
"259","P22147"
"260","P22149"
"261","P22202"
"262","P22204"
"263","P22211"
"264","P22213"
"265","P22217"
"266","P22224"
"267","P22276"
"268","P22336"
"269","P22353"
"270","P22354"
"271","P22579"
"272","P22696"
"273","P22803"
"274","P23180"
"275","P23201"
"276","P23292"
"277","P23293"
"278","P23301"
"279","P23369"
"280","P23394"
"281","P23503"
"282","P23561"
"283","P23585"
"284","P23594"
"285","P23595"
"286","P23615"
"287","P23641"
"288","P23642"
"289","P24276"
"290","P24279"
"291","P24280"
"292","P24384"
"293","P24482"
"294","P24521"
"295","P24583"
"296","P24783"
"297","P24784"
"298","P24814"
"299","P25037"
"300","P25039"
"301","P25040"
"302","P25043"
"303","P25045"
"304","P25293"
"305","P25294"
"306","P25297"
"307","P25298"
"308","P25302"
"309","P25303"
"310","P25332"
"311","P25333"
"312","P25334"
"313","P25336"
"314","P25339"
"315","P25340"
"316","P25342"
"317","P25343"
"318","P25344"
"319","P25355"
"320","P25357"
"321","P25360"
"322","P25361"
"323","P25366"
"324","P25367"
"325","P25369"
"326","P25371"
"327","P25373"
"328","P25374"
"329","P25375"
"330","P25376"
"331","P25378"
"332","P25382"
"333","P25385"
"334","P25386"
"335","P25389"
"336","P25441"
"337","P25454"
"338","P25491"
"339","P25554"
"340","P25555"
"341","P25558"
"342","P25559"
"343","P25567"
"344","P25569"
"345","P25573"
"346","P25574"
"347","P25582"
"348","P25586"
"349","P25588"
"350","P25616"
"351","P25617"
"352","P25618"
"353","P25623"
"354","P25626"
"355","P25627"
"356","P25631"
"357","P25632"
"358","P25635"
"359","P25638"
"360","P25642"
"361","P25644"
"362","P25651"
"363","P25655"
"364","P25719"
"365","P25808"
"366","P25846"
"367","P25847"
"368","P26370"
"369","P26570"
"370","P26754"
"371","P26755"
"372","P26786"
"373","P27351"
"374","P27476"
"375","P27514"
"376","P27515"
"377","P27614"
"378","P27692"
"379","P27697"
"380","P27801"
"381","P27929"
"382","P28000"
"383","P28007"
"384","P28239"
"385","P28263"
"386","P28319"
"387","P28321"
"388","P28708"
"389","P28737"
"390","P28791"
"391","P28795"
"392","P28817"
"393","P29055"
"394","P29056"
"395","P29295"
"396","P29366"
"397","P29465"
"398","P29468"
"399","P29469"
"400","P29478"
"401","P29496"
"402","P29539"
"403","P29547"
"404","P29703"
"405","P29704"
"406","P29952"
"407","P30605"
"408","P30619"
"409","P30624"
"410","P30656"
"411","P30665"
"412","P30771"
"413","P30822"
"414","P31109"
"415","P31115"
"416","P31374"
"417","P31380"
"418","P31382"
"419","P31383"
"420","P31384"
"421","P31385"
"422","P31412"
"423","P31539"
"424","P31755"
"425","P32047"
"426","P32074"
"427","P32191"
"428","P32259"
"429","P32288"
"430","P32317"
"431","P32331"
"432","P32333"
"433","P32335"
"434","P32337"
"435","P32341"
"436","P32342"
"437","P32349"
"438","P32351"
"439","P32353"
"440","P32356"
"441","P32364"
"442","P32366"
"443","P32367"
"444","P32368"
"445","P32379"
"446","P32380"
"447","P32419"
"448","P32432"
"449","P32445"
"450","P32447"
"451","P32453"
"452","P32457"
"453","P32458"
"454","P32461"
"455","P32463"
"456","P32464"
"457","P32465"
"458","P32466"
"459","P32467"
"460","P32468"
"461","P32471"
"462","P32474"
"463","P32476"
"464","P32477"
"465","P32480"
"466","P32485"
"467","P32486"
"468","P32487"
"469","P32492"
"470","P32494"
"471","P32495"
"472","P32497"
"473","P32499"
"474","P32500"
"475","P32501"
"476","P32502"
"477","P32504"
"478","P32521"
"479","P32523"
"480","P32525"
"481","P32527"
"482","P32528"
"483","P32558"
"484","P32561"
"485","P32563"
"486","P32566"
"487","P32567"
"488","P32568"
"489","P32569"
"490","P32578"
"491","P32579"
"492","P32582"
"493","P32583"
"494","P32588"
"495","P32589"
"496","P32590"
"497","P32591"
"498","P32597"
"499","P32598"
"500","P32600"
"501","P32602"
"502","P32606"
"503","P32607"
"504","P32608"
"505","P32618"
"506","P32623"
"507","P32626"
"508","P32628"
"509","P32629"
"510","P32639"
"511","P32642"
"512","P32643"
"513","P32644"
"514","P32657"
"515","P32660"
"516","P32767"
"517","P32770"
"518","P32771"
"519","P32775"
"520","P32776"
"521","P32784"
"522","P32787"
"523","P32790"
"524","P32802"
"525","P32803"
"526","P32806"
"527","P32807"
"528","P32831"
"529","P32832"
"530","P32839"
"531","P32843"
"532","P32844"
"533","P32855"
"534","P32860"
"535","P32864"
"536","P32867"
"537","P32873"
"538","P32875"
"539","P32892"
"540","P32893"
"541","P32896"
"542","P32897"
"543","P32898"
"544","P32899"
"545","P32901"
"546","P32902"
"547","P32904"
"548","P32908"
"549","P32909"
"550","P32910"
"551","P32911"
"552","P32912"
"553","P32913"
"554","P32916"
"555","P33201"
"556","P33202"
"557","P33203"
"558","P33296"
"559","P33302"
"560","P33309"
"561","P33313"
"562","P33314"
"563","P33322"
"564","P33324"
"565","P33327"
"566","P33328"
"567","P33329"
"568","P33332"
"569","P33333"
"570","P33334"
"571","P33336"
"572","P33338"
"573","P33339"
"574","P33399"
"575","P33412"
"576","P33416"
"577","P33417"
"578","P33418"
"579","P33441"
"580","P33442"
"581","P33750"
"582","P33753"
"583","P33754"
"584","P33759"
"585","P33760"
"586","P33775"
"587","P33891"
"588","P33892"
"589","P33895"
"590","P34078"
"591","P34110"
"592","P34160"
"593","P34162"
"594","P34163"
"595","P34167"
"596","P34216"
"597","P34217"
"598","P34219"
"599","P34220"
"600","P34221"
"601","P34222"
"602","P34223"
"603","P34226"
"604","P34227"
"605","P34237"
"606","P34241"
"607","P34244"
"608","P34247"
"609","P34248"
"610","P34253"
"611","P34756"
"612","P34758"
"613","P34761"
"614","P34909"
"615","P35056"
"616","P35169"
"617","P35177"
"618","P35178"
"619","P35179"
"620","P35180"
"621","P35182"
"622","P35183"
"623","P35184"
"624","P35189"
"625","P35191"
"626","P35194"
"627","P35197"
"628","P35202"
"629","P35207"
"630","P35688"
"631","P35691"
"632","P35718"
"633","P35719"
"634","P35728"
"635","P35732"
"636","P35734"
"637","P35735"
"638","P35817"
"639","P35844"
"640","P35845"
"641","P36000"
"642","P36004"
"643","P36006"
"644","P36008"
"645","P36009"
"646","P36013"
"647","P36015"
"648","P36016"
"649","P36018"
"650","P36022"
"651","P36024"
"652","P36036"
"653","P36037"
"654","P36040"
"655","P36041"
"656","P36046"
"657","P36047"
"658","P36048"
"659","P36049"
"660","P36051"
"661","P36054"
"662","P36056"
"663","P36057"
"664","P36068"
"665","P36069"
"666","P36076"
"667","P36081"
"668","P36084"
"669","P36088"
"670","P36090"
"671","P36094"
"672","P36095"
"673","P36100"
"674","P36101"
"675","P36102"
"676","P36103"
"677","P36104"
"678","P36106"
"679","P36112"
"680","P36114"
"681","P36120"
"682","P36121"
"683","P36123"
"684","P36124"
"685","P36126"
"686","P36130"
"687","P36131"
"688","P36132"
"689","P36135"
"690","P36144"
"691","P36148"
"692","P36151"
"693","P36152"
"694","P36160"
"695","P36165"
"696","P36516"
"697","P36519"
"698","P36520"
"699","P36521"
"700","P36523"
"701","P36525"
"702","P36528"
"703","P36531"
"704","P36534"
"705","P36775"
"706","P37020"
"707","P37262"
"708","P37263"
"709","P37296"
"710","P37297"
"711","P37304"
"712","P37838"
"713","P38013"
"714","P38041"
"715","P38065"
"716","P38066"
"717","P38068"
"718","P38069"
"719","P38070"
"720","P38074"
"721","P38079"
"722","P38080"
"723","P38081"
"724","P38084"
"725","P38085"
"726","P38086"
"727","P38087"
"728","P38089"
"729","P38090"
"730","P38111"
"731","P38112"
"732","P38113"
"733","P38116"
"734","P38120"
"735","P38121"
"736","P38129"
"737","P38130"
"738","P38131"
"739","P38132"
"740","P38137"
"741","P38138"
"742","P38143"
"743","P38144"
"744","P38145"
"745","P38146"
"746","P38149"
"747","P38151"
"748","P38153"
"749","P38164"
"750","P38165"
"751","P38167"
"752","P38174"
"753","P38175"
"754","P38181"
"755","P38187"
"756","P38193"
"757","P38199"
"758","P38203"
"759","P38213"
"760","P38217"
"761","P38219"
"762","P38221"
"763","P38222"
"764","P38225"
"765","P38227"
"766","P38241"
"767","P38244"
"768","P38247"
"769","P38248"
"770","P38249"
"771","P38250"
"772","P38251"
"773","P38254"
"774","P38255"
"775","P38260"
"776","P38261"
"777","P38262"
"778","P38264"
"779","P38272"
"780","P38274"
"781","P38286"
"782","P38288"
"783","P38289"
"784","P38295"
"785","P38297"
"786","P38304"
"787","P38313"
"788","P38314"
"789","P38315"
"790","P38321"
"791","P38323"
"792","P38330"
"793","P38331"
"794","P38332"
"795","P38333"
"796","P38339"
"797","P38340"
"798","P38344"
"799","P38347"
"800","P38348"
"801","P38351"
"802","P38353"
"803","P38427"
"804","P38431"
"805","P38439"
"806","P38523"
"807","P38555"
"808","P38604"
"809","P38620"
"810","P38623"
"811","P38626"
"812","P38628"
"813","P38629"
"814","P38630"
"815","P38631"
"816","P38682"
"817","P38687"
"818","P38688"
"819","P38691"
"820","P38694"
"821","P38698"
"822","P38700"
"823","P38708"
"824","P38712"
"825","P38713"
"826","P38716"
"827","P38719"
"828","P38736"
"829","P38737"
"830","P38742"
"831","P38747"
"832","P38749"
"833","P38753"
"834","P38755"
"835","P38756"
"836","P38759"
"837","P38771"
"838","P38772"
"839","P38773"
"840","P38775"
"841","P38779"
"842","P38781"
"843","P38782"
"844","P38784"
"845","P38786"
"846","P38787"
"847","P38788"
"848","P38793"
"849","P38797"
"850","P38798"
"851","P38801"
"852","P38803"
"853","P38805"
"854","P38809"
"855","P38810"
"856","P38811"
"857","P38814"
"858","P38817"
"859","P38819"
"860","P38820"
"861","P38822"
"862","P38825"
"863","P38827"
"864","P38828"
"865","P38829"
"866","P38833"
"867","P38837"
"868","P38850"
"869","P38853"
"870","P38854"
"871","P38856"
"872","P38862"
"873","P38873"
"874","P38874"
"875","P38875"
"876","P38879"
"877","P38882"
"878","P38883"
"879","P38886"
"880","P38889"
"881","P38903"
"882","P38904"
"883","P38910"
"884","P38911"
"885","P38915"
"886","P38920"
"887","P38922"
"888","P38929"
"889","P38930"
"890","P38932"
"891","P38934"
"892","P38959"
"893","P38961"
"894","P38966"
"895","P38968"
"896","P38970"
"897","P38985"
"898","P38988"
"899","P38989"
"900","P38993"
"901","P38996"
"902","P38999"
"903","P39002"
"904","P39004"
"905","P39008"
"906","P39009"
"907","P39011"
"908","P39013"
"909","P39015"
"910","P39081"
"911","P39102"
"912","P39104"
"913","P39105"
"914","P39106"
"915","P39107"
"916","P39109"
"917","P39517"
"918","P39523"
"919","P39524"
"920","P39526"
"921","P39531"
"922","P39533"
"923","P39535"
"924","P39538"
"925","P39678"
"926","P39682"
"927","P39683"
"928","P39685"
"929","P39692"
"930","P39704"
"931","P39705"
"932","P39719"
"933","P39722"
"934","P39726"
"935","P39727"
"936","P39729"
"937","P39730"
"938","P39742"
"939","P39743"
"940","P39744"
"941","P39904"
"942","P39926"
"943","P39927"
"944","P39928"
"945","P39929"
"946","P39935"
"947","P39936"
"948","P39938"
"949","P39940"
"950","P39945"
"951","P39956"
"952","P39960"
"953","P39962"
"954","P39966"
"955","P39968"
"956","P39969"
"957","P39984"
"958","P39985"
"959","P39990"
"960","P39993"
"961","P39998"
"962","P40002"
"963","P40007"
"964","P40010"
"965","P40012"
"966","P40013"
"967","P40015"
"968","P40017"
"969","P40018"
"970","P40024"
"971","P40029"
"972","P40030"
"973","P40032"
"974","P40035"
"975","P40038"
"976","P40051"
"977","P40053"
"978","P40055"
"979","P40059"
"980","P40064"
"981","P40066"
"982","P40069"
"983","P40070"
"984","P40075"
"985","P40078"
"986","P40079"
"987","P40081"
"988","P40087"
"989","P40088"
"990","P40089"
"991","P40091"
"992","P40094"
"993","P40098"
"994","P40150"
"995","P40157"
"996","P40159"
"997","P40160"
"998","P40161"
"999","P40164"
"1000","P40202"
"1001","P40204"
"1002","P40207"
"1003","P40208"
"1004","P40210"
"1005","P40215"
"1006","P40217"
"1007","P40308"
"1008","P40317"
"1009","P40318"
"1010","P40319"
"1011","P40328"
"1012","P40335"
"1013","P40339"
"1014","P40340"
"1015","P40341"
"1016","P40343"
"1017","P40345"
"1018","P40347"
"1019","P40348"
"1020","P40354"
"1021","P40356"
"1022","P40357"
"1023","P40360"
"1024","P40362"
"1025","P40364"
"1026","P40368"
"1027","P40395"
"1028","P40416"
"1029","P40433"
"1030","P40453"
"1031","P40457"
"1032","P40459"
"1033","P40460"
"1034","P40466"
"1035","P40468"
"1036","P40469"
"1037","P40474"
"1038","P40477"
"1039","P40480"
"1040","P40481"
"1041","P40482"
"1042","P40483"
"1043","P40484"
"1044","P40485"
"1045","P40486"
"1046","P40487"
"1047","P40494"
"1048","P40496"
"1049","P40498"
"1050","P40505"
"1051","P40506"
"1052","P40509"
"1053","P40513"
"1054","P40516"
"1055","P40517"
"1056","P40528"
"1057","P40529"
"1058","P40533"
"1059","P40535"
"1060","P40540"
"1061","P40541"
"1062","P40545"
"1063","P40548"
"1064","P40553"
"1065","P40557"
"1066","P40558"
"1067","P40561"
"1068","P40564"
"1069","P40578"
"1070","P40580"
"1071","P40581"
"1072","P40693"
"1073","P40825"
"1074","P40850"
"1075","P40851"
"1076","P40856"
"1077","P40956"
"1078","P40957"
"1079","P40958"
"1080","P40959"
"1081","P40970"
"1082","P40971"
"1083","P40986"
"1084","P40991"
"1085","P41058"
"1086","P41277"
"1087","P41318"
"1088","P41543"
"1089","P41697"
"1090","P41734"
"1091","P41807"
"1092","P41810"
"1093","P41811"
"1094","P41813"
"1095","P41815"
"1096","P41819"
"1097","P41832"
"1098","P41834"
"1099","P41895"
"1100","P41896"
"1101","P41910"
"1102","P41911"
"1103","P41920"
"1104","P42073"
"1105","P42838"
"1106","P42839"
"1107","P42842"
"1108","P42846"
"1109","P42847"
"1110","P42900"
"1111","P42934"
"1112","P42935"
"1113","P42937"
"1114","P42941"
"1115","P42942"
"1116","P42949"
"1117","P43123"
"1118","P43132"
"1119","P43321"
"1120","P43535"
"1121","P43555"
"1122","P43556"
"1123","P43558"
"1124","P43563"
"1125","P43565"
"1126","P43572"
"1127","P43573"
"1128","P43579"
"1129","P43582"
"1130","P43583"
"1131","P43585"
"1132","P43586"
"1133","P43593"
"1134","P43596"
"1135","P43597"
"1136","P43603"
"1137","P43609"
"1138","P43612"
"1139","P43613"
"1140","P43620"
"1141","P43621"
"1142","P43633"
"1143","P43636"
"1144","P43638"
"1145","P43639"
"1146","P45818"
"1147","P45976"
"1148","P45978"
"1149","P46655"
"1150","P46672"
"1151","P46675"
"1152","P46676"
"1153","P46677"
"1154","P46678"
"1155","P46682"
"1156","P46683"
"1157","P46949"
"1158","P46951"
"1159","P46956"
"1160","P46957"
"1161","P46958"
"1162","P46959"
"1163","P46970"
"1164","P46971"
"1165","P46985"
"1166","P46988"
"1167","P46990"
"1168","P46992"
"1169","P46995"
"1170","P47006"
"1171","P47008"
"1172","P47017"
"1173","P47019"
"1174","P47025"
"1175","P47029"
"1176","P47031"
"1177","P47035"
"1178","P47037"
"1179","P47044"
"1180","P47050"
"1181","P47054"
"1182","P47057"
"1183","P47061"
"1184","P47075"
"1185","P47076"
"1186","P47077"
"1187","P47079"
"1188","P47082"
"1189","P47083"
"1190","P47084"
"1191","P47093"
"1192","P47102"
"1193","P47103"
"1194","P47104"
"1195","P47108"
"1196","P47112"
"1197","P47116"
"1198","P47120"
"1199","P47122"
"1200","P47124"
"1201","P47127"
"1202","P47129"
"1203","P47133"
"1204","P47135"
"1205","P47136"
"1206","P47137"
"1207","P47141"
"1208","P47143"
"1209","P47149"
"1210","P47150"
"1211","P47154"
"1212","P47160"
"1213","P47164"
"1214","P47165"
"1215","P47166"
"1216","P47169"
"1217","P47170"
"1218","P47171"
"1219","P47173"
"1220","P47771"
"1221","P47818"
"1222","P47912"
"1223","P47988"
"1224","P48164"
"1225","P48231"
"1226","P48234"
"1227","P48353"
"1228","P48361"
"1229","P48362"
"1230","P48363"
"1231","P48365"
"1232","P48412"
"1233","P48445"
"1234","P48524"
"1235","P48562"
"1236","P48563"
"1237","P48567"
"1238","P48582"
"1239","P48606"
"1240","P48813"
"1241","P49017"
"1242","P49166"
"1243","P49167"
"1244","P49334"
"1245","P49367"
"1246","P49435"
"1247","P49687"
"1248","P49723"
"1249","P49954"
"1250","P49955"
"1251","P49957"
"1252","P50077"
"1253","P50086"
"1254","P50087"
"1255","P50089"
"1256","P50095"
"1257","P50101"
"1258","P50102"
"1259","P50105"
"1260","P50106"
"1261","P50107"
"1262","P50108"
"1263","P50109"
"1264","P50110"
"1265","P50111"
"1266","P50874"
"1267","P50875"
"1268","P50896"
"1269","P50942"
"1270","P50947"
"1271","P51401"
"1272","P51534"
"1273","P51862"
"1274","P51998"
"1275","P52286"
"1276","P52488"
"1277","P52490"
"1278","P52593"
"1279","P52892"
"1280","P52893"
"1281","P52911"
"1282","P52917"
"1283","P52918"
"1284","P52920"
"1285","P52923"
"1286","P53008"
"1287","P53009"
"1288","P53010"
"1289","P53011"
"1290","P53040"
"1291","P53043"
"1292","P53049"
"1293","P53063"
"1294","P53064"
"1295","P53065"
"1296","P53067"
"1297","P53073"
"1298","P53075"
"1299","P53076"
"1300","P53078"
"1301","P53079"
"1302","P53086"
"1303","P53091"
"1304","P53094"
"1305","P53104"
"1306","P53111"
"1307","P53114"
"1308","P53115"
"1309","P53119"
"1310","P53120"
"1311","P53121"
"1312","P53125"
"1313","P53128"
"1314","P53131"
"1315","P53133"
"1316","P53136"
"1317","P53137"
"1318","P53140"
"1319","P53141"
"1320","P53145"
"1321","P53152"
"1322","P53155"
"1323","P53163"
"1324","P53166"
"1325","P53169"
"1326","P53177"
"1327","P53183"
"1328","P53184"
"1329","P53185"
"1330","P53191"
"1331","P53193"
"1332","P53195"
"1333","P53196"
"1334","P53200"
"1335","P53201"
"1336","P53202"
"1337","P53203"
"1338","P53206"
"1339","P53207"
"1340","P53215"
"1341","P53221"
"1342","P53228"
"1343","P53238"
"1344","P53241"
"1345","P53246"
"1346","P53250"
"1347","P53252"
"1348","P53253"
"1349","P53254"
"1350","P53256"
"1351","P53258"
"1352","P53261"
"1353","P53265"
"1354","P53267"
"1355","P53270"
"1356","P53271"
"1357","P53272"
"1358","P53273"
"1359","P53276"
"1360","P53278"
"1361","P53283"
"1362","P53286"
"1363","P53289"
"1364","P53292"
"1365","P53295"
"1366","P53296"
"1367","P53297"
"1368","P53301"
"1369","P53303"
"1370","P53305"
"1371","P53309"
"1372","P53312"
"1373","P53313"
"1374","P53316"
"1375","P53318"
"1376","P53322"
"1377","P53326"
"1378","P53327"
"1379","P53330"
"1380","P53331"
"1381","P53334"
"1382","P53335"
"1383","P53336"
"1384","P53378"
"1385","P53379"
"1386","P53388"
"1387","P53397"
"1388","P53438"
"1389","P53550"
"1390","P53551"
"1391","P53552"
"1392","P53599"
"1393","P53600"
"1394","P53604"
"1395","P53615"
"1396","P53617"
"1397","P53622"
"1398","P53628"
"1399","P53629"
"1400","P53632"
"1401","P53691"
"1402","P53721"
"1403","P53729"
"1404","P53733"
"1405","P53734"
"1406","P53739"
"1407","P53741"
"1408","P53742"
"1409","P53759"
"1410","P53829"
"1411","P53834"
"1412","P53836"
"1413","P53840"
"1414","P53843"
"1415","P53844"
"1416","P53847"
"1417","P53848"
"1418","P53858"
"1419","P53859"
"1420","P53860"
"1421","P53863"
"1422","P53865"
"1423","P53866"
"1424","P53867"
"1425","P53870"
"1426","P53874"
"1427","P53875"
"1428","P53877"
"1429","P53878"
"1430","P53879"
"1431","P53881"
"1432","P53883"
"1433","P53885"
"1434","P53890"
"1435","P53894"
"1436","P53898"
"1437","P53899"
"1438","P53909"
"1439","P53914"
"1440","P53915"
"1441","P53920"
"1442","P53923"
"1443","P53925"
"1444","P53927"
"1445","P53929"
"1446","P53930"
"1447","P53935"
"1448","P53940"
"1449","P53941"
"1450","P53946"
"1451","P53949"
"1452","P53950"
"1453","P53951"
"1454","P53953"
"1455","P53954"
"1456","P53955"
"1457","P53959"
"1458","P53965"
"1459","P53972"
"1460","P53973"
"1461","P53974"
"1462","P53981"
"1463","P53983"
"1464","P54000"
"1465","P54003"
"1466","P54730"
"1467","P54781"
"1468","P54784"
"1469","P54785"
"1470","P54787"
"1471","P54791"
"1472","P54837"
"1473","P54861"
"1474","P54964"
"1475","P60010"
"1476","P61830"
"1477","P69771"
"1478","P80210"
"1479","P80428"
"1480","P89102"
"1481","P89105"
"1482","Q00055"
"1483","Q00245"
"1484","Q00362"
"1485","Q00402"
"1486","Q00416"
"1487","Q00578"
"1488","Q00684"
"1489","Q00711"
"1490","Q00772"
"1491","Q00776"
"1492","Q00873"
"1493","Q00916"
"1494","Q00955"
"1495","Q01080"
"1496","Q01159"
"1497","Q01163"
"1498","Q01329"
"1499","Q01454"
"1500","Q01476"
"1501","Q01477"
"1502","Q01560"
"1503","Q01590"
"1504","Q01662"
"1505","Q01722"
"1506","Q01802"
"1507","Q01852"
"1508","Q01896"
"1509","Q01919"
"1510","Q01939"
"1511","Q02046"
"1512","Q02100"
"1513","Q02201"
"1514","Q02204"
"1515","Q02206"
"1516","Q02256"
"1517","Q02260"
"1518","Q02336"
"1519","Q02354"
"1520","Q02455"
"1521","Q02457"
"1522","Q02486"
"1523","Q02555"
"1524","Q02608"
"1525","Q02629"
"1526","Q02642"
"1527","Q02648"
"1528","Q02724"
"1529","Q02725"
"1530","Q02767"
"1531","Q02784"
"1532","Q02785"
"1533","Q02792"
"1534","Q02796"
"1535","Q02804"
"1536","Q02805"
"1537","Q02821"
"1538","Q02875"
"1539","Q02892"
"1540","Q02908"
"1541","Q02931"
"1542","Q02939"
"1543","Q02950"
"1544","Q02959"
"1545","Q02979"
"1546","Q03010"
"1547","Q03012"
"1548","Q03016"
"1549","Q03020"
"1550","Q03048"
"1551","Q03063"
"1552","Q03088"
"1553","Q03102"
"1554","Q03103"
"1555","Q03124"
"1556","Q03144"
"1557","Q03201"
"1558","Q03219"
"1559","Q03246"
"1560","Q03254"
"1561","Q03262"
"1562","Q03264"
"1563","Q03266"
"1564","Q03280"
"1565","Q03281"
"1566","Q03290"
"1567","Q03305"
"1568","Q03306"
"1569","Q03330"
"1570","Q03337"
"1571","Q03361"
"1572","Q03429"
"1573","Q03430"
"1574","Q03441"
"1575","Q03496"
"1576","Q03497"
"1577","Q03503"
"1578","Q03516"
"1579","Q03525"
"1580","Q03529"
"1581","Q03532"
"1582","Q03533"
"1583","Q03559"
"1584","Q03640"
"1585","Q03648"
"1586","Q03649"
"1587","Q03653"
"1588","Q03654"
"1589","Q03655"
"1590","Q03656"
"1591","Q03660"
"1592","Q03661"
"1593","Q03677"
"1594","Q03714"
"1595","Q03735"
"1596","Q03758"
"1597","Q03759"
"1598","Q03761"
"1599","Q03768"
"1600","Q03769"
"1601","Q03771"
"1602","Q03774"
"1603","Q03776"
"1604","Q03778"
"1605","Q03780"
"1606","Q03784"
"1607","Q03786"
"1608","Q03799"
"1609","Q03834"
"1610","Q03897"
"1611","Q03899"
"1612","Q03944"
"1613","Q03973"
"1614","Q03976"
"1615","Q04002"
"1616","Q04013"
"1617","Q04031"
"1618","Q04048"
"1619","Q04067"
"1620","Q04080"
"1621","Q04119"
"1622","Q04170"
"1623","Q04175"
"1624","Q04177"
"1625","Q04183"
"1626","Q04212"
"1627","Q04214"
"1628","Q04223"
"1629","Q04225"
"1630","Q04226"
"1631","Q04228"
"1632","Q04235"
"1633","Q04264"
"1634","Q04279"
"1635","Q04305"
"1636","Q04311"
"1637","Q04322"
"1638","Q04336"
"1639","Q04347"
"1640","Q04372"
"1641","Q04373"
"1642","Q04410"
"1643","Q04418"
"1644","Q04432"
"1645","Q04439"
"1646","Q04458"
"1647","Q04493"
"1648","Q04500"
"1649","Q04545"
"1650","Q04599"
"1651","Q04600"
"1652","Q04602"
"1653","Q04603"
"1654","Q04632"
"1655","Q04636"
"1656","Q04660"
"1657","Q04673"
"1658","Q04675"
"1659","Q04693"
"1660","Q04697"
"1661","Q04779"
"1662","Q04781"
"1663","Q04839"
"1664","Q04867"
"1665","Q04869"
"1666","Q04922"
"1667","Q04924"
"1668","Q04925"
"1669","Q04947"
"1670","Q04958"
"1671","Q04969"
"1672","Q05029"
"1673","Q05040"
"1674","Q05050"
"1675","Q05123"
"1676","Q05359"
"1677","Q05515"
"1678","Q05518"
"1679","Q05521"
"1680","Q05533"
"1681","Q05541"
"1682","Q05543"
"1683","Q05567"
"1684","Q05580"
"1685","Q05583"
"1686","Q05584"
"1687","Q05635"
"1688","Q05636"
"1689","Q05775"
"1690","Q05779"
"1691","Q05785"
"1692","Q05787"
"1693","Q05791"
"1694","Q05812"
"1695","Q05854"
"1696","Q05874"
"1697","Q05881"
"1698","Q05931"
"1699","Q05934"
"1700","Q05942"
"1701","Q05946"
"1702","Q05949"
"1703","Q05958"
"1704","Q06010"
"1705","Q06053"
"1706","Q06078"
"1707","Q06096"
"1708","Q06106"
"1709","Q06108"
"1710","Q06132"
"1711","Q06137"
"1712","Q06142"
"1713","Q06168"
"1714","Q06169"
"1715","Q06179"
"1716","Q06188"
"1717","Q06205"
"1718","Q06211"
"1719","Q06214"
"1720","Q06217"
"1721","Q06218"
"1722","Q06224"
"1723","Q06245"
"1724","Q06252"
"1725","Q06287"
"1726","Q06315"
"1727","Q06321"
"1728","Q06325"
"1729","Q06336"
"1730","Q06337"
"1731","Q06338"
"1732","Q06344"
"1733","Q06385"
"1734","Q06389"
"1735","Q06406"
"1736","Q06407"
"1737","Q06408"
"1738","Q06409"
"1739","Q06436"
"1740","Q06440"
"1741","Q06488"
"1742","Q06489"
"1743","Q06494"
"1744","Q06505"
"1745","Q06506"
"1746","Q06508"
"1747","Q06512"
"1748","Q06523"
"1749","Q06538"
"1750","Q06543"
"1751","Q06554"
"1752","Q06608"
"1753","Q06623"
"1754","Q06625"
"1755","Q06628"
"1756","Q06629"
"1757","Q06630"
"1758","Q06631"
"1759","Q06632"
"1760","Q06639"
"1761","Q06672"
"1762","Q06673"
"1763","Q06677"
"1764","Q06678"
"1765","Q06679"
"1766","Q06681"
"1767","Q06685"
"1768","Q06688"
"1769","Q06689"
"1770","Q06696"
"1771","Q06697"
"1772","Q06698"
"1773","Q06704"
"1774","Q06705"
"1775","Q06706"
"1776","Q06708"
"1777","Q06709"
"1778","Q06833"
"1779","Q06839"
"1780","Q06891"
"1781","Q07362"
"1782","Q07381"
"1783","Q07395"
"1784","Q07418"
"1785","Q07451"
"1786","Q07457"
"1787","Q07468"
"1788","Q07528"
"1789","Q07533"
"1790","Q07551"
"1791","Q07623"
"1792","Q07655"
"1793","Q07657"
"1794","Q07688"
"1795","Q07800"
"1796","Q07804"
"1797","Q07807"
"1798","Q07834"
"1799","Q07844"
"1800","Q07872"
"1801","Q07878"
"1802","Q07896"
"1803","Q07897"
"1804","Q07913"
"1805","Q07915"
"1806","Q07938"
"1807","Q07951"
"1808","Q07953"
"1809","Q07979"
"1810","Q08001"
"1811","Q08004"
"1812","Q08096"
"1813","Q08144"
"1814","Q08157"
"1815","Q08162"
"1816","Q08179"
"1817","Q08193"
"1818","Q08199"
"1819","Q08204"
"1820","Q08208"
"1821","Q08217"
"1822","Q08224"
"1823","Q08229"
"1824","Q08230"
"1825","Q08235"
"1826","Q08237"
"1827","Q08269"
"1828","Q08282"
"1829","Q08287"
"1830","Q08421"
"1831","Q08444"
"1832","Q08446"
"1833","Q08484"
"1834","Q08491"
"1835","Q08492"
"1836","Q08562"
"1837","Q08581"
"1838","Q08601"
"1839","Q08634"
"1840","Q08641"
"1841","Q08645"
"1842","Q08649"
"1843","Q08686"
"1844","Q08687"
"1845","Q08732"
"1846","Q08746"
"1847","Q08760"
"1848","Q08773"
"1849","Q08817"
"1850","Q08818"
"1851","Q08826"
"1852","Q08831"
"1853","Q08873"
"1854","Q08886"
"1855","Q08909"
"1856","Q08920"
"1857","Q08921"
"1858","Q08924"
"1859","Q08925"
"1860","Q08951"
"1861","Q08954"
"1862","Q08959"
"1863","Q08960"
"1864","Q08961"
"1865","Q08962"
"1866","Q08965"
"1867","Q08967"
"1868","Q08972"
"1869","Q08977"
"1870","Q08979"
"1871","Q08986"
"1872","Q12000"
"1873","Q12004"
"1874","Q12009"
"1875","Q12010"
"1876","Q12017"
"1877","Q12018"
"1878","Q12019"
"1879","Q12024"
"1880","Q12028"
"1881","Q12030"
"1882","Q12033"
"1883","Q12034"
"1884","Q12035"
"1885","Q12038"
"1886","Q12040"
"1887","Q12043"
"1888","Q12044"
"1889","Q12049"
"1890","Q12055"
"1891","Q12060"
"1892","Q12063"
"1893","Q12068"
"1894","Q12071"
"1895","Q12072"
"1896","Q12078"
"1897","Q12080"
"1898","Q12084"
"1899","Q12091"
"1900","Q12096"
"1901","Q12099"
"1902","Q12100"
"1903","Q12102"
"1904","Q12108"
"1905","Q12114"
"1906","Q12117"
"1907","Q12118"
"1908","Q12123"
"1909","Q12133"
"1910","Q12136"
"1911","Q12143"
"1912","Q12149"
"1913","Q12156"
"1914","Q12159"
"1915","Q12163"
"1916","Q12166"
"1917","Q12168"
"1918","Q12176"
"1919","Q12178"
"1920","Q12179"
"1921","Q12180"
"1922","Q12181"
"1923","Q12186"
"1924","Q12196"
"1925","Q12199"
"1926","Q12211"
"1927","Q12220"
"1928","Q12221"
"1929","Q12230"
"1930","Q12234"
"1931","Q12242"
"1932","Q12246"
"1933","Q12250"
"1934","Q12256"
"1935","Q12259"
"1936","Q12263"
"1937","Q12267"
"1938","Q12271"
"1939","Q12275"
"1940","Q12277"
"1941","Q12288"
"1942","Q12296"
"1943","Q12297"
"1944","Q12298"
"1945","Q12305"
"1946","Q12306"
"1947","Q12315"
"1948","Q12321"
"1949","Q12326"
"1950","Q12329"
"1951","Q12339"
"1952","Q12341"
"1953","Q12344"
"1954","Q12359"
"1955","Q12362"
"1956","Q12373"
"1957","Q12374"
"1958","Q12386"
"1959","Q12387"
"1960","Q12389"
"1961","Q12400"
"1962","Q12403"
"1963","Q12404"
"1964","Q12406"
"1965","Q12415"
"1966","Q12427"
"1967","Q12429"
"1968","Q12432"
"1969","Q12434"
"1970","Q12436"
"1971","Q12445"
"1972","Q12446"
"1973","Q12447"
"1974","Q12451"
"1975","Q12452"
"1976","Q12453"
"1977","Q12455"
"1978","Q12460"
"1979","Q12463"
"1980","Q12465"
"1981","Q12466"
"1982","Q12486"
"1983","Q12494"
"1984","Q12495"
"1985","Q12496"
"1986","Q12499"
"1987","Q12500"
"1988","Q12502"
"1989","Q12504"
"1990","Q12511"
"1991","Q12514"
"1992","Q12515"
"1993","Q12517"
"1994","Q12518"
"1995","Q12532"
"1996","Q12674"
"1997","Q12675"
"1998","Q12676"
"1999","Q12680"
"2000","Q12692"
"2001","Q12697"
"2002","Q12745"
"2003","Q12746"
"2004","Q12751"
"2005","Q12753"
"2006","Q12754"
"2007","Q3E705"
"2008","Q3E833"
"2009","Q6Q547"
"2010","Q6Q560"
"2011","Q7LHG5"
"2012","Q86ZR7"
"2013","Q92317"
"2014","Q92331"
"2015","Q99176"
"2016","Q99189"
"2017","Q99190"
"2018","Q99207"
"2019","Q99210"
"2020","Q99216"
"2021","Q99220"
"2022","Q99247"
"2023","Q99257"
"2024","Q99258"
"2025","Q99260"
"2026","Q99271"
"2027","Q99287"
"2028","Q99288"
"2029","Q99296"
"2030","Q99297"
"2031","Q99316"
"2032","Q99321"
"2033","Q99369"
"2034","Q99383"
"2035","Q99385"
"2036","Q99394"
